gbifID,verbatimScientificName,decimalLatitude,decimalLongitude,populationDensity

3314537535,Vulpes vulpes,47.386986,8.483932,4707.777

3314501516,Capreolus capreolus,47.564842,9.3527,1112.513

3314202713,Castor fiber,46.182346,6.022303,330.9624

3307315706,Talpa europaea,46.165858,8.869542,496.3958

3307177472,Vulpes vulpes,46.514651,6.703418,1261.692

3302507190,Sciurus vulgaris,47.359037,8.57443,4002.599

3302459531,Ondatra zibethicus,47.413175,8.551453,4707.778

3302447508,Sciurus vulgaris,46.224053,6.146659,13291.35

3302371157,Capreolus capreolus,47.35244,8.582408,1564.135

3302309736,Vulpes vulpes,46.52129,6.600737,3571.452

3302153402,Castor fiber,47.482087,8.542305,738.096

3302075948,Meles meles,47.66372,9.149181,474.5425

3302046296,Erinaceus europaeus,47.551501,7.606274,7566.64

3302034850,Erinaceus europaeus,46.514651,6.703418,1261.692

3301897752,Sciurus vulgaris,47.551503,7.606275,7566.64

3124868484,Vulpes vulpes,47.665027,9.130025,474.5425

3124863734,Ondatra zibethicus,47.665012,9.129987,474.5425

3124851284,Castor fiber,47.665032,9.130094,474.5425

3124808859,Erinaceus europaeus,46.360097,6.2123,341.4182

3124703313,Cervus elaphus,46.335521,6.996746,360.9884

3124621977,Sciurus vulgaris,46.177188,8.721962,455.5924

3124541073,Sciurus vulgaris,47.551514,7.606307,7566.64

3118382062,Ovis aries,47.271782,8.196593,923.1265

3113684400,Capreolus capreolus,47.494958,8.530423,842.8644

3113626468,Vulpes vulpes,46.238486,6.13468,9037.16

3113434411,Myodes glareolus,47.44036,9.435858,784.914

3113371313,Capreolus capreolus,47.667746,9.136321,513.3874

3113293437,Apodemus sylvaticus,47.461534,9.52563,404.0878

3113293420,Apodemus flavicollis,47.440375,9.435993,784.914

3113257525,Apodemus sylvaticus,47.456476,9.525671,512.484

3112768809,Martes foina,47.337488,8.443479,473.3641

3112637655,Sciurus vulgaris,46.235959,6.0725,2497.488

3112596548,Sciurus vulgaris,46.212138,6.135695,13291.35

3112414320,Myodes glareolus,47.456358,9.525515,512.484

3112411532,Vulpes vulpes,47.504885,8.738846,1713.365

3109419358,Sus scrofa,47.577343,8.241968,517.9698

3109407382,Rupicapra rupicapra,46.851297,9.480292,328.0668

3109311258,Erinaceus europaeus,47.551492,7.606261,7566.64

3109167535,Capreolus capreolus,47.667271,9.13856,513.3874

3109162866,Sorex minutus,47.454474,9.526602,512.484

3109151032,Sciurus vulgaris,46.524635,6.630413,3571.452

3097280941,Sciurus vulgaris,47.393736,8.035332,1796.615

3097255991,Ondatra zibethicus,47.481947,9.581749,1508.299

3097170731,Sciurus vulgaris,46.159524,8.804107,878.3904

3097070026,Sciurus vulgaris,46.159594,8.80387,878.3904

3097039926,Myodes glareolus,46.524815,6.630096,3571.452

3097002969,Sciurus vulgaris,46.524815,6.630096,3571.452

3090949812,Sciurus vulgaris,46.221159,6.152405,13291.35

3090883609,Sus scrofa,47.445981,8.513536,2513.999

3090837252,Rupicapra rupicapra,46.375223,7.031286,311.8799

3090830739,Myodes glareolus,47.007308,6.936247,1987.72

3090753578,Capreolus capreolus,47.446242,8.513356,2513.999

3090707951,Capreolus capreolus,47.389221,8.460061,1755.179

3090622698,Hypsugo savii,46.125824,7.042673,771.326

3090595533,Vulpes vulpes,46.199532,6.158478,13083.58

3090583735,Martes foina,47.389427,8.491673,4707.778

3090576700,Myotis daubentonii,46.191418,6.209262,3592.304

3090573225,Cervus elaphus,46.301437,6.130728,996.4677

3090551750,Erinaceus europaeus,47.382197,8.496949,4707.778

3090536681,Crocidura russula,46.999653,6.938933,1987.72

3090534688,Lepus europaeus,46.228577,6.237126,373.2685

3090528694,Nyctalus leisleri,46.300625,6.247434,1196.214

3079878602,Talpa europaea,47.353507,8.586216,1564.135

3079864597,Myodes glareolus,47.461518,9.525592,404.0878

3079843410,Vulpes vulpes,47.028188,8.30707,1019.842

3079834156,Sciurus vulgaris,47.551522,7.606274,7566.64

3079751175,Sciurus vulgaris,47.396684,8.525549,4707.778

3079667410,Sciurus vulgaris,47.402073,8.482498,4707.777

3079617475,Castor fiber,47.237619,8.406822,536.1649

3079589195,Capreolus capreolus,46.234571,6.838075,596.2383

3070778676,Erinaceus europaeus,47.551614,7.606364,7566.64

3070690395,Capreolus capreolus,46.338684,6.996409,360.9884

3070664650,Erinaceus europaeus,47.55145,7.606233,7566.64

3070496298,Equus asinus,46.171055,8.939937,301.006

3070379190,Apodemus sylvaticus,47.517569,8.670983,1713.366

3068060390,Apodemus flavicollis,47.44008,9.440035,784.914

3067992543,Arvicola scherman,47.440365,9.435939,784.914

3067887542,Microtus arvalis,47.440357,9.435918,784.914

3067751864,Sciurus vulgaris,46.172929,8.743556,914.5413

3067659699,Sciurus vulgaris,46.194587,6.157962,11822.97

3061755739,Sciurus vulgaris,46.021628,8.950035,2039.136

3061685305,Erinaceus europaeus,46.289069,6.168227,1595.672

3061668489,Sciurus vulgaris,47.551503,7.606275,7566.64

3061666767,Sciurus vulgaris,46.237288,6.077547,2499.038

3061662160,Vulpes vulpes,47.562508,7.562792,7400.587

3061657483,Sciurus vulgaris,47.551503,7.606275,7566.64

3061648584,Felis catus,46.162598,8.871297,496.3958

3061560443,Sciurus vulgaris,47.551544,7.606419,7566.64

3061530448,Erinaceus europaeus,47.551512,7.606242,7566.64

3061518479,Sciurus vulgaris,47.551533,7.60618,7566.64

3061514482,Sciurus vulgaris,47.551503,7.606275,7566.64

3058836404,Meles meles,46.338582,7.000602,464.7269

3058751798,Lepus europaeus,46.334847,6.192525,1430.288

3058743083,Capreolus capreolus,46.339092,6.179538,698.5927

3044946483,Sciurus vulgaris,46.173238,8.744308,914.5413

3044919326,Crocidura russula,46.476178,6.878844,427.7762

3044906615,Castor fiber,46.973463,7.466084,2452.852

3044849196,Sciurus vulgaris,47.664619,9.145472,474.5425

3044840171,Myodes glareolus,47.665114,9.151164,475.2139

3044836041,Rupicapra rupicapra,47.440323,9.435633,784.914

3044798617,Mustela erminea,47.150833,8.216575,528.1858

3044762015,Vulpes vulpes,47.440426,9.440965,784.914

3044741706,Pipistrellus kuhlii,46.21081,6.208148,5329.152

3044737110,Capra ibex,46.373222,7.007844,311.8799

3044735976,Martes foina,47.441461,9.441097,784.914

3044673959,Mustela erminea,47.319632,8.695765,610.8695

3044662555,Oryctolagus cuniculus,46.209126,6.130987,13291.35

3044655468,Felis catus,46.16292,8.872275,496.3958

3044651511,Erinaceus europaeus,46.208908,6.12991,13291.35

3044650230,Myodes glareolus,47.665797,9.149893,474.5425

3044644997,Meles meles,47.440334,9.440785,784.914

3044580998,Capreolus capreolus,47.440333,9.441019,784.914

3044579428,Eutamias sibiricus,46.219428,6.150692,13291.35

3044575996,Martes martes,47.441393,9.441811,518.2029

3044569030,Sciurus vulgaris,47.440393,9.44112,784.914

3044555997,Cervus elaphus elaphus,47.441285,9.445091,518.2029

3039479483,Castor fiber,47.073783,8.319918,3081.454

3039403939,Mustela erminea,47.152831,8.214142,528.1858

3039385953,Mustela erminea,47.152897,8.214271,528.1858

3039362497,Castor fiber,47.061739,8.295885,3081.454

3039353539,Castor fiber,47.069515,8.31391,3063.198

3039328947,Capreolus capreolus,47.149443,8.197999,528.2208

3039308442,Sciurus vulgaris,46.235933,6.072575,2497.488

3039302976,Lepus europaeus,46.3583,6.183388,583.7753

3039285486,Sciurus vulgaris,46.235959,6.072549,2497.488

3039244032,Sciurus vulgaris,47.402072,8.484331,4707.777

3039113079,Myodes glareolus,47.434609,9.458256,387.4828

3032173732,Apodemus sylvaticus,47.453843,9.526476,512.484

3032169346,Castor fiber,47.573524,8.250602,620.9932

3032158177,Sciurus vulgaris,46.514606,6.703319,1261.692

3032103708,Myodes glareolus,47.453692,9.526432,512.484

3032072977,Glis glis,46.564485,6.594489,886.4599

3032008292,Sciurus vulgaris,46.235563,6.072607,2497.488

3031911506,Mustela erminea,47.254243,8.753153,1990.682

3031826181,Sciurus vulgaris,46.159371,8.803769,878.3904

3031674211,Mus musculus,47.337369,8.443571,473.3641

3031648150,Apodemus flavicollis,47.441387,9.440801,784.914

3018120644,Sciurus vulgaris,46.235468,6.072757,2497.488

3017988730,Apodemus sylvaticus,47.441392,9.440868,784.914

3008541581,Vulpes vulpes,47.665147,9.154382,475.2139

3008491916,Vulpes vulpes,47.66479,9.129607,474.5425

3008471165,Sciurus vulgaris,46.161028,8.80519,878.3904

3008463620,Martes foina,47.665153,9.154357,475.2139

2992740590,Vulpes vulpes,46.341503,7.003278,464.7269

2992717930,Sciurus vulgaris,46.286005,6.15852,1595.672

2988683956,Sciurus vulgaris,46.28235,6.158997,1377.079

2988663332,Capreolus capreolus,47.335242,8.449166,473.3641

2988625951,Sciurus vulgaris,46.159984,6.12986,2010.299

2988550746,Sciurus vulgaris,47.280573,8.563684,1502.057

2988467231,Felis catus,46.163253,8.952022,347.8882

2988322220,Meles meles,47.447882,8.519627,2197.237

2988293955,Cervus elaphus,46.303618,6.128915,996.4677

2984523697,Sciurus vulgaris,47.166787,8.30397,1077.53

2984510653,Erinaceus europaeus,47.451992,8.598822,1198.438

2984409313,Capreolus capreolus,46.414722,6.286575,1716.412

2984353311,Capreolus capreolus,46.343067,6.178503,887.0219

2981095368,Myotis daubentonii,46.52233,6.573438,1970.898

2980959393,Arvicola amphibius,47.422688,7.575908,590.4586

2980866263,Martes foina,46.476255,6.878834,427.7762

2980838355,Capreolus capreolus,46.341353,6.999588,360.9884

2980826413,Crocidura russula,47.583333,8.233333,517.9684

2980814397,Vulpes vulpes,46.514664,6.703403,1261.692

2980814351,Apodemus sylvaticus,47.196312,8.861062,1028.692

2980802393,Erinaceus europaeus,47.364554,7.337748,396.8461

2980800384,Crocidura russula,46.493345,6.732725,558.3329

2980794406,Castor fiber,46.518063,6.581112,1970.898

2980777417,Castor fiber,46.518025,6.58108,1970.898

2963950574,Castor fiber,47.649063,9.191537,2146.975

2963910373,Erinaceus europaeus,46.33432,6.193005,1430.288

2963898840,Capreolus capreolus,47.262053,8.770688,749.4376

2963856834,Capreolus capreolus,47.262053,8.770688,749.4376

2963785558,Sciurus vulgaris,46.159062,8.802585,878.3904

2901533288,Sciurus vulgaris,46.1996,6.158765,13083.58

2898531278,Erinaceus europaeus,46.462055,6.334895,3142.123

2898501709,Rattus norvegicus,46.236377,6.074096,2497.488

2898452080,Rattus norvegicus,46.235223,6.074506,2497.488

2898447513,Cervus elaphus,46.299112,6.143119,1595.672

2883217459,Sciurus vulgaris,46.176185,6.116489,2753.679

2883155974,Erinaceus europaeus,46.611045,7.065703,1065.743

2883068516,Sciurus vulgaris,46.198087,6.123092,6717.942

2883037837,Sciurus vulgaris,46.174974,6.118411,2412.308

2882981556,Erinaceus europaeus,46.610999,7.065789,1065.743

2873947703,Sus scrofa,46.298295,6.14426,1595.672

2873726307,Lepus europaeus,46.335029,6.996867,360.9884

2868292469,Sciurus vulgaris,46.22495,6.146883,13291.35

2864815730,Sciurus vulgaris,46.237336,6.076212,2499.038

2862497568,Lepus europaeus,46.351487,6.179537,483.3296

2860167275,Capreolus capreolus,46.347905,6.18105,887.0219

2860100721,Sciurus vulgaris,46.150599,8.77797,1357.63

2859969035,Erinaceus europaeus,47.276958,8.762033,695.0521

2859921864,Castor fiber,47.397694,8.729363,1301.142

2859911872,Castor fiber,47.394942,8.73068,1301.142

2856746708,Capreolus capreolus,46.163852,8.863872,676.6747

2851074568,Erinaceus europaeus,46.287204,6.154409,1595.672

2850949821,Castor fiber,46.359883,6.219337,502.0959

2850902877,Capreolus capreolus,47.508679,7.735814,947.234

2850867522,Erinaceus europaeus,46.017631,8.953113,2039.136

2845332373,Nyctalus noctula,46.972277,7.466904,2452.852

2844841004,Erinaceus europaeus,46.84685,7.234097,332.5677

2844508243,Myodes glareolus,47.299,8.5345,914.5945

2844190812,Capreolus capreolus,46.177749,6.011363,365.724

2843964478,Capreolus capreolus,46.180877,6.016413,365.724

2843724932,Capreolus capreolus,46.182571,6.016798,330.9624

2843724931,Capreolus capreolus,46.182611,6.01684,330.9624

2843724748,Capreolus capreolus,46.182733,6.017004,330.9624

2842718413,Sciurus vulgaris,46.179398,6.008873,365.724

2842661722,Myodes glareolus,47.67696,8.610571,719.3855

2842619814,Capreolus capreolus,46.179002,6.014791,365.724

2842602568,Capreolus capreolus,46.178972,6.014805,365.724

2842490655,Sciurus vulgaris,46.180777,6.016361,365.724

2842343463,Capreolus capreolus,46.182582,6.016817,330.9624

2842218594,Capreolus capreolus,46.180713,6.01638,365.724

2842102109,Capreolus capreolus,46.182462,6.016755,330.9624

2842005711,Capreolus capreolus,46.177785,6.011348,365.724

2842005604,Capreolus capreolus,46.177656,6.011387,365.724

2841998316,Sciurus vulgaris,46.1823,6.0236,330.9624

2841909942,Capreolus capreolus,46.18257,6.016765,330.9624

2841909377,Capreolus capreolus,46.179071,6.014809,365.724

2841890277,Sciurus vulgaris,46.178902,6.014854,365.724

2841889031,Capreolus capreolus,46.178999,6.014769,365.724

2841888647,Lepus europaeus,46.180876,6.01639,365.724

2841676947,Sciurus vulgaris,46.18073,6.016355,365.724

2841676837,Sciurus vulgaris,46.178955,6.014822,365.724

2841676801,Capreolus capreolus,46.179018,6.014844,365.724

2841664970,Capreolus capreolus,46.177705,6.011333,365.724

2841628762,Sciurus vulgaris,46.179614,6.015118,365.724

2841504672,Capreolus capreolus,46.179074,6.014879,365.724

2841483593,Sciurus vulgaris,46.179022,6.007758,365.7241

2841452050,Capreolus capreolus,46.178952,6.014755,365.724

2841440927,Cervus elaphus,46.305156,6.140362,1550.767

2841440827,Capreolus capreolus,46.178987,6.014862,365.724

2841354787,Capreolus capreolus,46.177873,6.01142,365.724

2841325336,Eutamias sibiricus,46.221549,6.153502,13291.35

2841280733,Capreolus capreolus,46.17774,6.011353,365.724

2841265241,Capreolus capreolus,46.179277,6.015043,365.724

2841262872,Capreolus capreolus,46.179002,6.014854,365.724

2841221653,Capreolus capreolus,46.180787,6.016387,365.724

2841217925,Capreolus capreolus,46.177687,6.011286,365.724

2841214678,Capreolus capreolus,46.178978,6.014794,365.724

2841156731,Sciurus vulgaris,46.179186,6.008332,365.7241

2840974530,Sus scrofa,46.179019,6.014784,365.724

2840971687,Sciurus vulgaris,46.212169,6.119283,13175.77

2840971362,Capreolus capreolus,46.180753,6.016448,365.724

2840962120,Capreolus capreolus,46.180783,6.016271,365.724

2840923109,Capreolus capreolus,46.178994,6.014852,365.724

2840889120,Capreolus capreolus,46.179045,6.014855,365.724

2840875348,Cervus elaphus,46.304856,6.140742,1550.767

2840734999,Capreolus capreolus,46.1807,6.016401,365.724

2840625545,Capreolus capreolus,46.179029,6.014881,365.724

2840623067,Capreolus capreolus,47.205311,8.03688,330.0932

2840586091,Capreolus capreolus,46.182656,6.016818,330.9624

2840585881,Capreolus capreolus,46.180792,6.016413,365.724

2840525232,Sus scrofa,46.180814,6.016365,365.724

2840525037,Capreolus capreolus,46.18087,6.0167,330.9624

2840513942,Capreolus capreolus,46.182705,6.016704,330.9624

2840486586,Capreolus capreolus,46.182674,6.016894,330.9624

2840469945,Capreolus capreolus,46.182548,6.016827,330.9624

2840376994,Capreolus capreolus,46.182555,6.016847,330.9624

2840255076,Lepus europaeus,46.182654,6.016928,330.9624

2840129874,Cervus elaphus,46.305127,6.140339,1550.767

2840129668,Capreolus capreolus,46.177754,6.01136,365.724

2840075521,Capreolus capreolus,46.177803,6.011326,365.724

2840041194,Capreolus capreolus,46.177579,6.011437,365.724

2839932463,Capreolus capreolus,46.182662,6.016823,330.9624

2839896957,Capreolus capreolus,46.17903,6.01486,365.724

2839896694,Capreolus capreolus,46.178961,6.014892,365.724

2839815877,Sciurus vulgaris,46.182655,6.016876,330.9624

2839815845,Capreolus capreolus,46.177841,6.011383,365.724

2839711131,Capreolus capreolus,46.182685,6.016928,330.9624

2839705520,Capreolus capreolus,46.179009,6.014821,365.724

2839677659,Capreolus capreolus,46.177755,6.011361,365.724

2839654134,Capreolus capreolus,46.17898,6.014954,365.724

2839653777,Capreolus capreolus,46.182464,6.017169,330.9624

2839651075,Capreolus capreolus,46.177772,6.011356,365.724

2839644920,Capreolus capreolus,46.18077,6.016409,365.724

2839634500,Capreolus capreolus,46.178998,6.014795,365.724

2839631755,Capreolus capreolus,46.179029,6.014848,365.724

2839631348,Lepus europaeus,46.182686,6.006047,365.7241

2839599359,Capreolus capreolus,46.178947,6.014896,365.724

2839593682,Capreolus capreolus,46.178982,6.014821,365.724

2839593638,Capreolus capreolus,46.18068,6.01639,365.724

2839583521,Capreolus capreolus,46.202175,6.056914,384.9398

2839547423,Capreolus capreolus,46.180713,6.01638,365.724

2839541662,Capreolus capreolus,46.177706,6.011304,365.724

2839523844,Capreolus capreolus,46.179063,6.014833,365.724

2839519637,Sciurus vulgaris,46.211489,6.118571,13175.77

2839508184,Capreolus capreolus,46.182642,6.016873,330.9624

2839503741,Capreolus capreolus,46.179076,6.014851,365.724

2839503588,Capreolus capreolus,46.183163,6.017765,330.9624

2839499530,Felis catus,46.180825,6.016328,365.724

2839492908,Capreolus capreolus,46.177749,6.011363,365.724

2839483244,Sciurus vulgaris,46.17778,6.012852,365.724

2839454815,Capreolus capreolus,46.179281,6.015001,365.724

2839450144,Capreolus capreolus,46.177694,6.011408,365.724

2839448759,Capreolus capreolus,46.181023,6.016088,365.724

2839439488,Sciurus vulgaris,46.177786,6.011088,365.724

2839428097,Capreolus capreolus,46.179,6.014782,365.724

2839427224,Capreolus capreolus,46.180796,6.016286,365.724

2839426582,Capreolus capreolus,46.179031,6.014884,365.724

2839424928,Capreolus capreolus,46.182571,6.016798,330.9624

2839422267,Sciurus vulgaris,46.178993,6.014912,365.724

2839419843,Sciurus vulgaris,46.180769,6.01636,365.724

2839411554,Sus scrofa,46.180842,6.016444,365.724

2839411429,Capreolus capreolus,46.180781,6.016528,365.724

2839398926,Sus scrofa,46.177788,6.011322,365.724

2839397107,Capreolus capreolus,46.177729,6.011415,365.724

2839393388,Capreolus capreolus,46.182624,6.016797,330.9624

2839393142,Sciurus vulgaris,46.180825,6.016443,365.724

2839392726,Capreolus capreolus,46.179018,6.014844,365.724

2839384818,Capreolus capreolus,46.180731,6.016372,365.724

2839375711,Capreolus capreolus,46.177751,6.011343,365.724

2839374770,Capreolus capreolus,46.177745,6.011357,365.724

2839366173,Capreolus capreolus,46.182619,6.016771,330.9624

2839362066,Capreolus capreolus,46.17903,6.01486,365.724

2839361348,Capreolus capreolus,46.178984,6.014852,365.724

2839361315,Capreolus capreolus,46.178958,6.014808,365.724

2839352975,Capreolus capreolus,46.182593,6.0169,330.9624

2839344317,Cervus elaphus,46.30507,6.140517,1550.767

2839327751,Capreolus capreolus,46.177694,6.01128,365.724

2839327465,Capreolus capreolus,46.206857,6.067123,397.8058

2839326095,Sus scrofa,46.178957,6.010495,365.724

2839324722,Capreolus capreolus,46.179012,6.014834,365.724

2839311385,Capreolus capreolus,46.179006,6.014791,365.724

2839307635,Capreolus capreolus,46.180678,6.016385,365.724

2839301823,Capreolus capreolus,46.177756,6.011315,365.724

2839255126,Capreolus capreolus,46.179045,6.014855,365.724

2839255013,Capreolus capreolus,46.180903,6.016762,330.9624

2839226126,Capreolus capreolus,46.18271,6.016942,330.9624

2839200871,Capreolus capreolus,46.181212,6.016595,365.724

2839199471,Capreolus capreolus,46.178905,6.009192,365.724

2839148328,Capreolus capreolus,46.179027,6.014812,365.724

2839143673,Sus scrofa,46.180921,6.016042,365.724

2839134824,Lepus europaeus,46.18699,6.0705,849.2642

2839133992,Capreolus capreolus,46.179342,6.014774,365.724

2839133385,Capreolus capreolus,46.1808,6.016358,365.724

2839127423,Cervus elaphus,46.304725,6.140488,1550.767

2839112861,Capreolus capreolus,46.180772,6.016411,365.724

2839112088,Sciurus vulgaris,46.182835,6.016951,330.9624

2839096056,Capreolus capreolus,46.182656,6.016818,330.9624

2839078588,Capreolus capreolus,46.182678,6.017036,330.9624

2839000962,Capreolus capreolus,46.182705,6.016704,330.9624

2838989080,Capreolus capreolus,46.178967,6.014843,365.724

2838986069,Mustela erminea,46.681714,7.821236,428.0227

2838954879,Capreolus capreolus,46.182544,6.016823,330.9624

2838950094,Capreolus capreolus,46.179014,6.014857,365.724

2838946629,Capreolus capreolus,46.18255,6.016831,330.9624

2838943012,Capreolus capreolus,46.182656,6.016818,330.9624

2838930149,Capreolus capreolus,46.182685,6.016928,330.9624

2838925000,Capreolus capreolus,46.182587,6.017162,330.9624

2838920184,Capreolus capreolus,46.182563,6.016816,330.9624

2838888242,Capreolus capreolus,46.177798,6.011296,365.724

2838886151,Capreolus capreolus,46.182593,6.0169,330.9624

2838880974,Capreolus capreolus,46.182464,6.016914,330.9624

2838211793,Capreolus capreolus,46.177754,6.011329,365.724

2838110195,Capreolus capreolus,46.180775,6.016377,365.724

2838084790,Mustela erminea,47.082613,8.296013,1561.835

2837725052,Capreolus capreolus,46.180767,6.016385,365.724

2836824446,Capreolus capreolus,46.868087,7.236727,324.7187

2836791206,Erinaceus europaeus,46.854336,7.246598,332.5677

2836379991,Capreolus capreolus,46.18063,6.016131,365.724

2836352329,Capreolus capreolus,46.190082,6.074163,849.2642

2836278938,Capreolus capreolus,46.17898,6.014863,365.724

2836278721,Capreolus capreolus,46.177746,6.011357,365.724

2836272952,Capreolus capreolus,46.179153,6.01471,365.724

2836239625,Capreolus capreolus,46.177759,6.011318,365.724

2836229670,Capreolus capreolus,46.179063,6.014835,365.724

2836223737,Capreolus capreolus,46.182687,6.016839,330.9624

2836154161,Capreolus capreolus,46.17713,6.012083,365.724

2836153627,Sciurus vulgaris,46.178612,6.010731,365.724

2836148814,Capreolus capreolus,46.182792,6.016884,330.9624

2836145576,Capreolus capreolus,46.180665,6.016532,365.724

2836135896,Capreolus capreolus,46.182552,6.017051,330.9624

2836135434,Capreolus capreolus,46.179058,6.014634,365.724

2836129997,Capreolus capreolus,46.178959,6.014759,365.724

2836121176,Capreolus capreolus,46.18063,6.016131,365.724

2836120709,Sciurus vulgaris,46.180702,6.016309,365.724

2836105182,Capreolus capreolus,46.179201,6.014772,365.724

2836100061,Sciurus vulgaris,46.180712,6.016718,330.9624

2836092996,Sciurus vulgaris,46.181749,6.016218,365.724

2836092773,Sciurus vulgaris,46.180977,6.016691,330.9624

2836079754,Sciurus vulgaris,46.17923,6.01509,365.724

2836059788,Capreolus capreolus,46.17769,6.011277,365.724

2836050080,Capreolus capreolus,46.179325,6.014678,365.724

2836046375,Sciurus vulgaris,46.17893,6.00773,365.7241

2836013790,Capreolus capreolus,46.177828,6.011375,365.724

2836008022,Capreolus capreolus,46.17899,6.014781,365.724

2836002833,Sciurus vulgaris,46.17794,6.011273,365.724

2836002705,Sus scrofa,46.177703,6.011304,365.724

2835996773,Capreolus capreolus,46.179026,6.014811,365.724

2835990960,Capreolus capreolus,46.182705,6.016704,330.9624

2835980770,Capreolus capreolus,46.177687,6.011359,365.724

2835975451,Capreolus capreolus,46.179044,6.014795,365.724

2835975236,Capreolus capreolus,46.17898,6.014954,365.724

2835967186,Capreolus capreolus,46.179055,6.014913,365.724

2835961999,Capreolus capreolus,46.180764,6.016927,330.9624

2835959345,Capreolus capreolus,46.178905,6.009192,365.724

2835942122,Sciurus vulgaris,46.1794,6.008953,365.724

2835939246,Sciurus vulgaris,46.180749,6.016301,365.724

2835938920,Sciurus vulgaris,46.182223,6.018266,330.9624

2835914167,Capreolus capreolus,46.177737,6.011385,365.724

2835913307,Capreolus capreolus,46.178979,6.014824,365.724

2835907435,Sciurus vulgaris,46.179055,6.015041,365.724

2835863096,Capreolus capreolus,46.182558,6.016906,330.9624

2835854844,Capreolus capreolus,46.177754,6.011329,365.724

2835847584,Capreolus capreolus,46.180819,6.016416,365.724

2835846954,Capreolus capreolus,46.182666,6.016871,330.9624

2835846252,Capreolus capreolus,46.180718,6.016385,365.724

2835821140,Capreolus capreolus,46.180775,6.016377,365.724

2835818827,Sus scrofa,46.177695,6.011317,365.724

2835817254,Capreolus capreolus,46.182563,6.016816,330.9624

2835809180,Capreolus capreolus,46.177705,6.011412,365.724

2835799048,Sciurus vulgaris,46.18257,6.01702,330.9624

2835794530,Capreolus capreolus,46.180799,6.016407,365.724

2835793227,Capreolus capreolus,46.179027,6.014812,365.724

2835791938,Capreolus capreolus,46.17903,6.014859,365.724

2835775305,Capreolus capreolus,46.182669,6.016868,330.9624

2835771754,Cervus elaphus,46.304761,6.140532,1550.767

2835762266,Lepus europaeus,46.18013,5.997703,345.7236

2835762086,Capreolus capreolus,46.178907,6.014812,365.724

2835756378,Cervus elaphus,46.304722,6.140486,1550.767

2835738364,Capreolus capreolus,46.1808,6.016358,365.724

2835727709,Capreolus capreolus,46.177731,6.011331,365.724

2835715748,Capreolus capreolus,46.18082,6.016399,365.724

2835694537,Capreolus capreolus,46.180742,6.016488,365.724

2835675811,Capreolus capreolus,46.178697,6.014946,365.724

2835653966,Capreolus capreolus,46.182612,6.016861,330.9624

2835647771,Sciurus vulgaris,46.169169,6.143542,1271.035

2835641970,Capreolus capreolus,46.182587,6.017162,330.9624

2835607956,Capreolus capreolus,46.182552,6.017051,330.9624

2835600830,Capreolus capreolus,46.180764,6.016373,365.724

2835577880,Capreolus capreolus,46.182722,6.016883,330.9624

2835553958,Sciurus vulgaris,46.177766,6.011331,365.724

2835514835,Capreolus capreolus,46.182637,6.016872,330.9624

2835491668,Sciurus vulgaris,46.233808,7.339987,1314.269

2835004757,Capreolus capreolus,46.177687,6.011286,365.724

2834835678,Sciurus vulgaris,46.179325,6.007524,365.7241

2834813928,Capreolus capreolus,46.180857,6.016786,330.9624

2834813769,Capreolus capreolus,46.179158,6.014518,365.724

2833827922,Capreolus capreolus,46.868926,7.23412,324.7187

2833771743,Erinaceus europaeus,46.847534,7.250557,332.5677

2833736157,Capreolus capreolus,46.850173,7.265311,331.1362

2833248777,Erinaceus europaeus,47.194439,8.415785,536.1649

2833189142,Mustela erminea,46.888,7.2616,355.5527

2832796706,Capreolus capreolus,46.179026,6.014811,365.724

2832796638,Capreolus capreolus,46.178989,6.014803,365.724

2832794788,Capreolus capreolus,46.177738,6.011336,365.724

2832794382,Sus scrofa,46.183255,6.017884,330.9624

2832788610,Sciurus vulgaris,46.179466,6.010112,365.724

2832776970,Sus scrofa,46.177768,6.011322,365.724

2832776723,Capreolus capreolus,46.17774,6.011352,365.724

2832764303,Capreolus capreolus,46.182201,6.016578,365.724

2832762621,Sciurus vulgaris,46.17903,6.014849,365.724

2832755595,Capreolus capreolus,46.177656,6.011387,365.724

2832746747,Capreolus capreolus,46.178983,6.014779,365.724

2832738008,Capreolus capreolus,46.17898,6.014863,365.724

2832733846,Capreolus capreolus,46.179003,6.014791,365.724

2832721813,Capreolus capreolus,46.178999,6.014846,365.724

2832717891,Capreolus capreolus,46.179001,6.014873,365.724

2832715319,Capreolus capreolus,46.177649,6.011159,365.724

2832714549,Capreolus capreolus,46.178978,6.014794,365.724

2832712752,Capreolus capreolus,46.177704,6.011333,365.724

2832707896,Sus scrofa,46.1808,6.016161,365.724

2832702707,Cervus elaphus,46.305148,6.140393,1550.767

2832702664,Capreolus capreolus,46.177737,6.011375,365.724

2832695712,Cervus elaphus,46.304761,6.140531,1550.767

2832694696,Capreolus capreolus,46.178999,6.014927,365.724

2832691882,Sus scrofa,46.177795,6.011352,365.724

2832685881,Cervus elaphus,46.30506,6.140294,1550.767

2832676680,Sciurus vulgaris,46.178734,6.010476,365.724

2832656845,Capreolus capreolus,46.182207,6.017468,330.9624

2832656786,Capreolus capreolus,46.177717,6.011354,365.724

2832656398,Sus scrofa,46.182722,6.016812,330.9624

2832647611,Capreolus capreolus,46.178972,6.014805,365.724

2832647481,Sus scrofa,46.179018,6.014784,365.724

2832639312,Capreolus capreolus,46.179277,6.015043,365.724

2832638968,Capreolus capreolus,46.177704,6.011333,365.724

2832636698,Capreolus capreolus,46.180787,6.016386,365.724

2832635786,Capreolus capreolus,46.17909,6.014645,365.724

2832635508,Sciurus vulgaris,46.179478,6.008957,365.724

2832631375,Cervus elaphus,46.304844,6.14071,1550.767

2832625142,Capreolus capreolus,46.178999,6.014769,365.724

2832624690,Sus scrofa,46.180921,6.016362,365.724

2832623973,Sciurus vulgaris,46.179248,6.010038,365.724

2832620944,Capreolus capreolus,46.179242,6.014948,365.724

2832606107,Sus scrofa,46.180814,6.016365,365.724

2832601046,Capreolus capreolus,46.180714,6.016373,365.724

2832597585,Capreolus capreolus,46.177771,6.011262,365.724

2832596214,Felis catus,46.183258,6.017789,330.9624

2832595784,Capreolus capreolus,46.182692,6.016901,330.9624

2832595737,Capreolus capreolus,46.179107,6.014157,365.724

2832594592,Sciurus vulgaris,46.177717,6.012355,365.724

2832591864,Capreolus capreolus,46.179133,6.01491,365.724

2832585754,Capreolus capreolus,46.180799,6.016409,365.724

2832582544,Capreolus capreolus,46.181018,6.016485,365.724

2832582446,Capreolus capreolus,46.182644,6.01691,330.9624

2832578297,Capreolus capreolus,46.182611,6.016987,330.9624

2832572046,Capreolus capreolus,46.18077,6.017042,330.9624

2832571917,Capreolus capreolus,46.177489,6.011181,365.724

2832570902,Capreolus capreolus,46.178846,6.014832,365.724

2832565956,Capreolus capreolus,46.178975,6.014795,365.724

2832565932,Sciurus vulgaris,46.177659,6.011415,365.724

2832553826,Sciurus vulgaris,46.182388,6.019656,330.9624

2832550942,Capreolus capreolus,46.179089,6.015265,365.724

2832541170,Capreolus capreolus,46.182699,6.01689,330.9624

2832527937,Capreolus capreolus,46.182612,6.016861,330.9624

2832522974,Capreolus capreolus,46.182673,6.016881,330.9624

2832504882,Capreolus capreolus,46.17903,6.014859,365.724

2832503512,Capreolus capreolus,46.180877,6.016413,365.724

2832499186,Capreolus capreolus,46.178946,6.014774,365.724

2832499169,Capreolus capreolus,46.178907,6.014812,365.724

2832494107,Capreolus capreolus,46.179404,6.014583,365.724

2832475612,Capreolus capreolus,46.182629,6.016967,330.9624

2832469083,Capreolus capreolus,46.182555,6.016847,330.9624

2832424714,Capreolus capreolus,46.182637,6.016872,330.9624

2832421187,Capreolus capreolus,46.179048,6.014827,365.724

2832415000,Capreolus capreolus,46.182652,6.016879,330.9624

2832414814,Capreolus capreolus,46.182733,6.017004,330.9624

2832411075,Capreolus capreolus,46.182617,6.017288,330.9624

2832379067,Capreolus capreolus,46.180762,6.016477,365.724

2832300673,Mustela putorius,47.082347,8.25817,1899.973

2832270034,Sciurus vulgaris,47.153703,8.102908,582.7963

2826343547,Erinaceus europaeus,47.421683,8.546675,4707.778

2826297887,Erinaceus europaeus,47.338375,8.577578,1210.61

2826224756,Erinaceus europaeus,46.334358,6.193042,1430.288

2826158710,Erinaceus europaeus,47.659361,9.165034,1406.369

2823286576,Castor fiber,46.517936,6.580719,1970.898

2818806441,Sciurus vulgaris,46.237264,6.07761,2499.038

2818802544,Lepus europaeus,46.336813,6.188642,1756.633

2818539475,Capreolus capreolus,47.668394,9.136862,513.3874

2814383976,Castor fiber,47.410583,8.585504,4682.022

2802979592,Felis catus,46.173916,8.755591,982.2774

2802968357,Sciurus vulgaris,46.159059,8.80337,878.3904

2641555376,Sciurus vulgaris,46.158595,8.798516,1039.64

2641384397,Vulpes vulpes,46.173879,8.755456,982.2774

2641304862,Erinaceus europaeus,46.514629,6.703326,1261.692

2634613625,Sciurus vulgaris,46.535967,6.561542,2379.613

2634585707,Erinaceus europaeus,47.337333,8.443908,473.3641

2634298387,Erinaceus europaeus,46.547399,6.576141,4702.613

2633952058,Mustela erminea,46.339672,7.011352,610.0616

2628401054,Vulpes vulpes,46.006862,8.904174,1591.909

2626597951,Vulpes vulpes,46.554672,6.627012,1154.345

2626550397,Sciurus vulgaris,46.237428,6.075851,2499.038

2626545914,Capreolus capreolus,46.336342,6.185692,1756.633

2626451835,Capreolus capreolus,47.199966,7.709273,658.2955

2626421536,Mus musculus,46.33447,6.193025,1430.288

2626346389,Lepus europaeus,46.346939,7.005787,311.8799

2626307152,Sciurus vulgaris,46.237272,6.076493,2499.038

2626304400,Capreolus capreolus,46.339454,7.002197,464.7269

2626242202,Erinaceus europaeus,46.193047,6.159114,13083.58

2626158460,Lepus europaeus,46.336508,6.189153,1756.633

2626148875,Rupicapra rupicapra,46.446873,6.930045,867.0476

2626117909,Capreolus capreolus,46.446873,6.930045,867.0476

2626112098,Vulpes vulpes,46.446873,6.930045,867.0476

2626105087,Sciurus vulgaris,46.215997,7.346273,438.3652

2620189605,Vulpes vulpes,46.341228,7.005467,464.7269

2620026240,Erinaceus europaeus,47.448544,8.53333,2515.483

2619959004,Erinaceus europaeus,47.553264,7.60436,7566.64

2611425947,Capreolus capreolus,46.295,6.145215,1595.672

2611408420,Myotis daubentonii,46.52233,6.573438,1970.898

2611407354,Erinaceus europaeus,46.526214,6.562372,2374.487

2611372408,Erinaceus europaeus,46.529636,6.561525,2374.487

2611271905,Lepus europaeus,46.304709,6.150935,1578.755

2611228686,Lepus europaeus,46.337497,6.19372,1430.288

2611179480,Meles meles,46.966458,7.44921,2452.852

2611141009,Sciurus vulgaris,46.158338,8.804047,878.3904

2611107661,Vulpes vulpes,46.240071,6.060226,1614.707

2611042323,Capreolus capreolus,46.304892,6.151018,1578.755

2609250705,Sciurus vulgaris,46.167225,8.777045,1293.977

2609172500,Vulpes vulpes,46.173895,8.755327,982.2774

2609121549,Muscardinus avellanarius,47.209175,7.709551,722.7971

2609121281,Capreolus capreolus,47.389471,8.092884,989.4718

2609111915,Sciurus vulgaris,46.2374,6.076577,2499.038

2609108773,Sciurus vulgaris,46.236421,6.076276,2499.038

2603497581,Vulpes vulpes,46.453981,6.951632,867.0475

2603435302,Sciurus vulgaris,47.394153,8.036422,1796.615

2603420137,Sciurus vulgaris,46.23921,6.077443,2499.038

2603389105,Sciurus vulgaris,46.239536,6.07784,2499.038

2603300542,Vulpes vulpes,46.174237,8.754917,982.2774

2603298605,Sciurus vulgaris,46.23635,6.083541,2499.038

2597860666,Sciurus vulgaris,46.237199,6.076705,2499.038

2597843369,Capreolus capreolus,46.30335,6.153765,1578.755

2597835335,Vulpes vulpes,46.173793,8.755526,982.2774

2596450093,Sciurus vulgaris,46.235973,6.072532,2497.488

2596448133,Myodes glareolus,46.242682,6.077833,2499.037

2596446171,Sciurus vulgaris,46.237368,6.075943,2499.038

2596442269,Sciurus vulgaris,46.237427,6.077332,2499.038

2596416361,Sciurus vulgaris,46.237405,6.077671,2499.038

2596295014,Myodes glareolus,46.242691,6.077095,2499.037

2596286003,Sciurus vulgaris,46.237259,6.077196,2499.038

2596192207,Capreolus capreolus,47.353242,8.585495,1564.135

2596182993,Capreolus capreolus,46.339058,6.179692,698.5927

2596058647,Rupicapra rupicapra,45.97764,8.978365,348.9422

2580140590,Meles meles,46.204625,6.041344,403.5646

2580097406,Myodes glareolus,46.243133,6.076719,2499.037

2576474047,Lepus europaeus,47.555328,7.595358,7566.64

2574222675,Sciurus vulgaris,46.237598,6.077827,2499.038

2574125686,Sciurus vulgaris,46.237185,6.075969,2499.038

2573980907,Meles meles,46.243317,6.091611,2499.037

2573913780,Sciurus vulgaris,46.236947,6.077872,2499.038

2573913258,Sciurus vulgaris,46.341462,7.0032,464.7269

2573898658,Capreolus capreolus,46.336807,6.995983,360.9884

2573844839,Sciurus vulgaris,46.236989,6.077938,2499.038

2573779664,Capreolus capreolus,46.351305,6.17983,483.3296

2563642577,Sciurus vulgaris,46.237278,6.077549,2499.038

2563628010,Sciurus vulgaris,46.34156,7.003184,464.7269

2563627882,Sciurus vulgaris,46.34156,7.003184,464.7269

2563544281,Sciurus vulgaris,46.237296,6.077531,2499.038

2563529691,Sciurus vulgaris,46.341468,7.003071,464.7269

2563529615,Sciurus vulgaris,46.341471,7.003082,464.7269

2563529193,Capreolus capreolus,46.339356,7.001388,464.7269

2563528981,Sciurus vulgaris,46.341503,7.00316,464.7269

2563528107,Sciurus vulgaris,46.341461,7.00311,464.7269

2563485087,Capreolus capreolus,46.339454,7.002197,464.7269

2563482726,Felis catus,46.339042,7.000907,464.7269

2563482724,Felis catus,46.339042,7.000907,464.7269

2558847061,Felis domestica,47.493546,7.590866,2170.526

2557781109,Capreolus capreolus,46.339454,7.002197,464.7269

2557756096,Sciurus vulgaris,46.236513,6.076148,2499.038

2557738403,Capreolus capreolus,46.341364,6.999587,360.9884

2550178636,Capreolus capreolus,46.338582,7.000602,464.7269

2550177614,Capreolus capreolus,46.338582,7.000602,464.7269

2550172533,Vulpes vulpes,46.338184,7.000309,464.7269

2550172525,Capreolus capreolus,46.338582,7.000602,464.7269

2550162241,Vulpes vulpes,46.339042,7.000907,464.7269

2550158104,Vulpes vulpes,46.339042,7.000907,464.7269

2550149106,Vulpes vulpes,46.339042,7.000907,464.7269

2550145800,Vulpes vulpes,46.338582,7.000602,464.7269

2550143800,Vulpes vulpes,46.338582,7.000602,464.7269

2550138471,Meles meles,46.339042,7.000907,464.7269

2550137874,Vulpes vulpes,46.338582,7.000602,464.7269

2550136214,Vulpes vulpes,46.339042,7.000907,464.7269

2550136213,Meles meles,46.339042,7.000907,464.7269

2550135781,Capreolus capreolus,46.338582,7.000602,464.7269

2550135715,Meles meles,46.339042,7.000907,464.7269

2550134631,Vulpes vulpes,46.338582,7.000602,464.7269

2550132552,Capreolus capreolus,46.338582,7.000602,464.7269

2550132470,Vulpes vulpes,46.339042,7.000907,464.7269

2550130968,Vulpes vulpes,46.339042,7.000907,464.7269

2550130967,Vulpes vulpes,46.339042,7.000907,464.7269

2550129657,Capreolus capreolus,46.338582,7.000602,464.7269

2550127202,Vulpes vulpes,46.339042,7.000907,464.7269

2550127201,Meles meles,46.339042,7.000907,464.7269

2550126420,Vulpes vulpes,46.339042,7.000907,464.7269

2550126419,Vulpes vulpes,46.341354,6.999598,360.9884

2550125649,Capreolus capreolus,46.338582,7.000602,464.7269

2550125553,Meles meles,46.339042,7.000907,464.7269

2550125305,Castor fiber,47.583078,8.244811,517.9698

2550123493,Vulpes vulpes,46.339042,7.000907,464.7269

2550121958,Vulpes vulpes,46.339042,7.000907,464.7269

2550121957,Meles meles,46.339042,7.000907,464.7269

2550121381,Capreolus capreolus,46.338582,7.000602,464.7269

2550119585,Capreolus capreolus,46.338582,7.000602,464.7269

2550113827,Vulpes vulpes,46.339042,7.000907,464.7269

2550109520,Felis catus,46.338582,7.000602,464.7269

2550105309,Capreolus capreolus,46.338582,7.000602,464.7269

2550099544,Capreolus capreolus,46.339042,7.000907,464.7269

2550098935,Capreolus capreolus,46.339042,7.000907,464.7269

2550098934,Vulpes vulpes,46.339042,7.000907,464.7269

2550098170,Capreolus capreolus,46.338582,7.000602,464.7269

2550097031,Vulpes vulpes,46.339042,7.000907,464.7269

2550093290,Capreolus capreolus,46.338582,7.000602,464.7269

2550093238,Vulpes vulpes,46.339042,7.000907,464.7269

2550092255,Vulpes vulpes,46.339042,7.000907,464.7269

2550090705,Capreolus capreolus,46.339042,7.000907,464.7269

2550089651,Capreolus capreolus,46.339042,7.000907,464.7269

2550087419,Vulpes vulpes,46.340999,7.000684,464.7269

2550086317,Vulpes vulpes,46.341002,7.000685,464.7269

2550085117,Meles meles,46.339042,7.000907,464.7269

2550084271,Vulpes vulpes,46.340999,7.000687,464.7269

2550082048,Capreolus capreolus,46.339042,7.000907,464.7269

2550065935,Meles meles,46.338582,7.000602,464.7269

2550063894,Felis catus,46.338582,7.000602,464.7269

2550061595,Meles meles,46.339042,7.000907,464.7269

2550059168,Vulpes vulpes,46.341352,6.999589,360.9884

2550054042,Meles meles,46.339042,7.000907,464.7269

2550053002,Meles meles,46.339042,7.000907,464.7269

2550052771,Capreolus capreolus,46.338184,7.000309,464.7269

2550051787,Meles meles,46.339042,7.000907,464.7269

2550049001,Vulpes vulpes,46.339042,7.000907,464.7269

2550047720,Vulpes vulpes,46.338582,7.000602,464.7269

2550047634,Vulpes vulpes,46.339042,7.000907,464.7269

2550045651,Vulpes vulpes,46.338582,7.000602,464.7269

2550045585,Capreolus capreolus,46.339042,7.000907,464.7269

2550043675,Capreolus capreolus,46.338582,7.000602,464.7269

2550043618,Capreolus capreolus,46.339042,7.000907,464.7269

2550035909,Capreolus capreolus,46.339042,7.000907,464.7269

2550035493,Vulpes vulpes,46.338582,7.000602,464.7269

2550035440,Capreolus capreolus,46.339042,7.000907,464.7269

2550033456,Meles meles,46.339042,7.000907,464.7269

2550031468,Felis catus,46.338582,7.000602,464.7269

2550028103,Meles meles,46.338184,7.000309,464.7269

2550028036,Capreolus capreolus,46.339042,7.000907,464.7269

2550024931,Capreolus capreolus,46.339042,7.000907,464.7269

2550024930,Capreolus capreolus,46.339042,7.000907,464.7269

2550024314,Vulpes vulpes,46.338582,7.000602,464.7269

2550024246,Vulpes vulpes,46.339042,7.000907,464.7269

2550023315,Meles meles,46.338582,7.000602,464.7269

2550023246,Meles meles,46.339042,7.000907,464.7269

2550021064,Capreolus capreolus,46.338582,7.000602,464.7269

2550020981,Capreolus capreolus,46.339042,7.000907,464.7269

2550019016,Vulpes vulpes,46.341352,6.999581,360.9884

2550018164,Vulpes vulpes,46.338582,7.000602,464.7269

2550018089,Capreolus capreolus,46.339042,7.000907,464.7269

2550017220,Vulpes vulpes,46.338582,7.000602,464.7269

2550014747,Meles meles,46.339042,7.000907,464.7269

2550014214,Meles meles,46.338184,7.000309,464.7269

2550014144,Capreolus capreolus,46.339042,7.000907,464.7269

2550011972,Meles meles,46.338184,7.000309,464.7269

2550011891,Vulpes vulpes,46.339042,7.000907,464.7269

2550010604,Capreolus capreolus,46.339042,7.000907,464.7269

2550010603,Vulpes vulpes,46.339042,7.000907,464.7269

2550010600,Capreolus capreolus,46.341357,6.999577,360.9884

2550006638,Capreolus capreolus,46.338184,7.000309,464.7269

2550002830,Felis catus,46.341113,7.006078,464.7269

2550002233,Meles meles,46.339042,7.000907,464.7269

2549091230,Vulpes vulpes,47.493546,7.590866,2170.526

2546265361,Felis domestica,47.493546,7.590866,2170.526

2545564816,Canis familiaris,47.493546,7.590866,2170.526

2543072781,Capreolus capreolus,46.35693,6.18865,583.7753

2543049612,Castor fiber,47.542012,8.231258,515.1062

2541250347,Vulpes vulpes,47.493546,7.590866,2170.526

2541217213,Felis domestica,47.493546,7.590866,2170.526

2529393205,Sciurus vulgaris,46.237345,6.077649,2499.038

2521452955,Felis domestica,47.493546,7.590866,2170.526

2518128127,Vulpes vulpes,46.338403,7.000123,464.7269

2518128045,Vulpes vulpes,46.338404,7.00015,464.7269

2518127989,Capreolus capreolus,46.338395,7.000343,464.7269

2518127933,Capreolus capreolus,46.338447,7.000257,464.7269

2518127822,Meles meles,46.338659,7.000349,464.7269

2518127817,Vulpes vulpes,46.338384,7.000155,464.7269

2518127809,Felis catus,46.338304,7.000539,464.7269

2518127753,Vulpes vulpes,46.338397,7.000128,464.7269

2518127739,Capreolus capreolus,46.338473,7.000364,464.7269

2518127692,Vulpes vulpes,46.338399,7.000142,464.7269

2518127627,Capreolus capreolus,46.338444,7.000295,464.7269

2518127625,Capreolus capreolus,46.33841,7.000311,464.7269

2518127461,Capreolus capreolus,46.338477,7.000348,464.7269

2518127432,Vulpes vulpes,46.338392,7.000163,464.7269

2518127257,Vulpes vulpes,46.338403,7.000117,464.7269

2518125883,Meles meles,46.338664,7.000366,464.7269

2518125386,Vulpes vulpes,46.338425,7.000136,464.7269

2518125156,Capreolus capreolus,46.338433,7.00037,464.7269

2518125057,Vulpes vulpes,46.338395,7.000171,464.7269

2518124990,Meles meles,46.338663,7.000355,464.7269

2518055718,Sciurus vulgaris,46.338602,7.001164,464.7269

2518053617,Sciurus vulgaris,46.338527,7.001293,464.7269

2518035637,Meles meles,46.33867,7.000361,464.7269

2518033548,Meles meles,46.338663,7.000359,464.7269

2518031478,Vulpes vulpes,46.338408,7.00012,464.7269

2518029456,Meles meles,46.338675,7.000375,464.7269

2518024446,Meles meles,46.33851,7.00059,464.7269

2518023459,Capreolus capreolus,46.338984,7.000965,464.7269

2518020440,Capreolus capreolus,46.338982,7.000946,464.7269

2518020437,Meles meles,46.338675,7.000358,464.7269

2518019429,Meles meles,46.338495,7.000601,464.7269

2518018484,Meles meles,46.338665,7.000357,464.7269

2518016447,Capreolus capreolus,46.338986,7.000951,464.7269

2518012383,Capreolus capreolus,46.338979,7.000961,464.7269

2518012376,Vulpes vulpes,46.338406,7.000147,464.7269

2518010346,Meles meles,46.338672,7.00037,464.7269

2518009347,Meles meles,46.338679,7.000363,464.7269

2518007235,Capreolus capreolus,46.33898,7.000945,464.7269

2518007233,Meles meles,46.338671,7.000371,464.7269

2518006247,Meles meles,46.33866,7.000355,464.7269

2518000255,Meles meles,46.338502,7.000601,464.7269

2517993023,Capreolus capreolus,46.338979,7.000954,464.7269

2517990975,Meles meles,46.338661,7.000358,464.7269

2517988987,Capreolus capreolus,46.338986,7.000967,464.7269

2517988983,Vulpes vulpes,46.338393,7.000125,464.7269

2517987002,Vulpes vulpes,46.338384,7.000133,464.7269

2517987001,Capreolus capreolus,46.338425,7.000332,464.7269

2517985998,Capreolus capreolus,46.33898,7.000955,464.7269

2517985993,Vulpes vulpes,46.338384,7.000147,464.7269

2517984983,Meles meles,46.338681,7.000374,464.7269

2517983941,Meles meles,46.338495,7.000594,464.7269

2517982964,Capreolus capreolus,46.33898,7.000958,464.7269

2517981986,Felis catus,46.338325,7.00052,464.7269

2517980013,Capreolus capreolus,46.338984,7.000961,464.7269

2517980007,Vulpes vulpes,46.338401,7.000123,464.7269

2517980006,Capreolus capreolus,46.338405,7.000329,464.7269

2517978985,Meles meles,46.338665,7.000359,464.7269

2517976956,Meles meles,46.338669,7.000377,464.7269

2517975963,Meles meles,46.338665,7.000359,464.7269

2517970900,Meles meles,46.338682,7.000369,464.7269

2517969838,Meles meles,46.338507,7.000605,464.7269

2517968846,Meles meles,46.338682,7.000379,464.7269

2517963733,Capreolus capreolus,46.338981,7.000951,464.7269

2517961733,Meles meles,46.338674,7.000362,464.7269

2468717305,Felis domestica,47.493546,7.590866,2170.526

2468717304,Felis domestica,47.493546,7.590866,2170.526

2468717298,Felis domestica,47.493546,7.590866,2170.526

2465341281,Castor fiber,47.494834,8.23669,1097.787

2465326713,Sciurus vulgaris,46.237256,6.077043,2499.038

2465293766,Sciurus vulgaris,47.177893,8.458145,571.3354

2462932729,Vulpes vulpes,47.493546,7.590866,2170.526

2459008637,Muroidea indet.,47.493546,7.590866,2170.526

2456579987,Vulpes vulpes,46.338645,6.999771,360.9884

2456579597,Sus scrofa scrofa,47.043397,7.019869,337.8727

2456578261,Vulpes vulpes,46.338667,6.999771,360.9884

2456578193,Vulpes vulpes,46.338862,7.000002,464.7269

2456578036,Vulpes vulpes,46.338647,6.999407,360.9884

2456578025,Vulpes vulpes,46.338858,7.000004,464.7269

2456577660,Vulpes vulpes,46.338829,7.00001,464.7269

2456577633,Vulpes vulpes,46.338757,7.000171,464.7269

2456577295,Meles meles,46.33878,6.999664,360.9884

2456577209,Vulpes vulpes,46.338591,6.999391,360.9884

2456577120,Meles meles,46.338468,6.999416,360.9884

2456577057,Vulpes vulpes,46.338758,7.000171,464.7269

2456577022,Vulpes vulpes,46.338763,7.000173,464.7269

2456570432,Vulpes vulpes,46.339114,7.000931,464.7269

2456570087,Meles meles,46.339158,7.000932,464.7269

2456570062,Meles meles,46.339163,7.00093,464.7269

2456569352,Meles meles,46.339168,7.000931,464.7269

2456535045,Sciurus vulgaris,46.237488,6.077778,2499.038

2456532279,Capreolus capreolus,46.3489,6.184612,887.0218

2451596981,Sciurus vulgaris,47.396426,8.544629,4707.778

2449390384,Rattus indet.,47.586716,8.233566,517.9684

2449305983,Felis domestica,47.493546,7.590866,2170.526

2445125088,Erinaceus europaeus,47.5648,7.613317,7192.859

2442743880,Felis domestica,47.493546,7.590866,2170.526

2442743792,Felis domestica,47.493546,7.590866,2170.526

2442683563,Chiroptera indet.,47.493546,7.590866,2170.526

2439838619,Capreolus capreolus,47.669895,9.138908,513.3874

2439831910,Bubalus bubalis,47.589741,8.237107,517.9684

2429568378,Erinaceus europaeus,46.331738,6.192113,2425.483

2429345418,Vulpes vulpes,46.162534,8.934374,318.2445

2429268579,Sciurus vulgaris,46.236716,6.076287,2499.038

2429259383,Crocidura russula,46.29092,6.142389,1239.766

2429199451,Crocidura suaveolens,47.557988,7.794114,838.3766

2423246574,Sciurus vulgaris,46.236815,6.075804,2499.038

2423222032,Erinaceus europaeus,46.334233,6.192912,1430.288

2423178756,Erinaceus europaeus,46.852725,7.264197,331.1362

2423171712,Sciurus vulgaris,46.23999,6.078208,2499.038

2423171365,Erinaceus europaeus,46.218597,6.13222,13291.35

2422915302,Sciurus vulgaris,46.545217,6.65382,3571.452

2397694019,Sciurus vulgaris,46.341069,7.006661,464.7269

2397693669,Sciurus vulgaris,46.341842,7.005744,311.8799

2397541181,Erinaceus europaeus,46.514542,6.703262,1261.692

2397466132,Rattus norvegicus,47.206353,7.548055,680.9314

2331922212,Erinaceus europaeus,46.539005,6.589383,6313.826

2331529033,Vulpes vulpes,47.035572,8.43727,382.4556

2331528496,Vulpes vulpes,46.210011,6.084023,2757.703

2331526318,Vulpes vulpes,47.397308,8.048401,1796.615

2331525831,Vulpes vulpes,46.933235,7.465914,812.8966

2331525667,Vulpes vulpes,46.965984,7.521095,786.9296

2331525497,Vulpes vulpes,47.498108,7.587519,2170.526

2331525152,Vulpes vulpes,47.493546,7.590866,2170.526

2331522917,Vulpes vulpes,47.500851,8.19987,348.7475

2331520213,Vulpes vulpes,47.396584,8.048851,1796.615

2331519850,Vulpes vulpes,47.035572,8.43727,382.4556

2331475756,Vespertilio murinus,47.67865,8.616028,719.3855

2330708506,Talpa europaea,47.325211,7.711716,378.316

2330707047,Talpa caeca,46.210011,6.084023,2757.703

2330447443,Sus scrofa,47.669895,9.138908,513.3874

2330447197,Sus scrofa,47.669895,9.138908,513.3874

2330447037,Sus scrofa,47.669895,9.138908,513.3874

2330446958,Sus scrofa,47.665619,9.107934,374.2841

2330444972,Sus scrofa,47.669895,9.138908,513.3874

2330443365,Sus scrofa,47.669895,9.138908,513.3874

2330442332,Sus scrofa,47.669895,9.138908,513.3874

2330440781,Sus scrofa,47.669895,9.138908,513.3874

2329979422,Sciurus vulgaris,47.586716,8.233566,517.9684

2329977053,Sciurus vulgaris,46.210011,6.084023,2757.703

2329969401,Sciurus vulgaris,46.154388,8.788719,1357.63

2329968503,Sciurus vulgaris,47.493546,7.590866,2170.526

2329965127,Sciurus vulgaris,46.154388,8.788719,1357.63

2329962663,Sciurus vulgaris,47.497169,7.606144,1401.412

2329959813,Sciurus vulgaris,46.154388,8.788719,1357.63

2329954156,Sciurus vulgaris,47.493546,7.590866,2170.526

2329954113,Sciurus vulgaris,47.532444,7.722702,1005.107

2329953824,Sciurus vulgaris,47.537991,7.71399,1196.297

2329951491,Sciurus vulgaris,47.209248,7.53911,1998.348

2329948155,Sciurus vulgaris,47.493546,7.590866,2170.526

2329946212,Sciurus vulgaris,47.537991,7.71399,1196.297

2329942172,Sciurus vulgaris,47.558311,7.628546,1106.085

2329939409,Sciurus vulgaris,47.493546,7.590866,2170.526

2329861962,Rupicapra rupicapra,47.035572,8.43727,382.4556

2329854959,Rupicapra rupicapra,46.723152,7.895737,345.442

2329745806,Rattus norvegicus,47.586716,8.233566,517.9684

2329737079,Rattus norvegicus,47.586716,8.233566,517.9684

2329735824,Rattus indet.,47.557529,7.617645,3671.84

2329735308,Rattus indet.,47.586716,8.233566,517.9684

2329734407,Rattus norvegicus,47.537991,7.71399,1196.297

2329732812,Rattus norvegicus,47.586716,8.233566,517.9684

2329732574,Rattus norvegicus,47.586716,8.233566,517.9684

2329729107,Rattus rattus,47.586716,8.233566,517.9684

2329728972,Rattus norvegicus,47.586716,8.233566,517.9684

2329723976,Rattus norvegicus,47.586716,8.233566,517.9684

2329718060,Rattus norvegicus,47.586716,8.233566,517.9684

2329710833,Rattus norvegicus,47.669895,9.138908,513.3874

2328358125,Apodemus sylvaticus,46.210011,6.084023,2757.703

2311424730,Erinaceus europaeus,47.418238,8.366605,1472.944

2311394083,Capreolus capreolus,46.3373,6.187275,1756.633

2302281518,Equus asinus,47.035572,8.43727,382.4556

2302277327,Bos primigenius subsp. taurus,47.035572,8.43727,382.4556

2294658141,Sciurus vulgaris,46.214275,6.139539,13291.35

2294649566,Sciurus vulgaris,47.390837,8.396115,928.8221

2294580242,Vulpes vulpes,46.476114,6.878749,427.7762

2294479223,Erinaceus europaeus,46.567292,6.687697,3571.452

2294442702,Capreolus capreolus,46.451904,6.920581,867.0476

2283238974,Sciurus vulgaris,46.896406,8.639766,1017.212

2283238676,Capreolus capreolus,46.89782,8.646203,1017.212

2283222730,Rupicapra rupicapra,46.452501,6.923039,867.0476

2283104264,Sciurus vulgaris,46.244133,6.142539,1750.25

2283072790,Capreolus capreolus,46.185716,8.741513,690.0029

2269328937,Castor fiber,47.397355,8.500259,4707.777

2269322907,Capreolus capreolus,47.668406,9.140644,513.3874

2269286595,Erinaceus europaeus,46.476209,6.878899,427.7762

2268204898,Capreolus capreolus,47.371399,8.592731,4707.777

2251996474,Erinaceus europaeus,46.476096,6.878737,427.7762

2243359388,Capreolus capreolus,47.669895,9.138908,513.3874

2242825773,Meles meles,47.147805,7.240771,2598.288

2242825508,Sciurus vulgaris,47.147735,7.240866,2598.288

2242469089,Muroidea indet.,47.493546,7.590866,2170.526

2237387185,Muroidea indet.,47.493546,7.590866,2170.526

2237387102,Muroidea indet.,47.493546,7.590866,2170.526

2237151244,Canis familiaris,47.482349,7.60859,473.9634

2236900298,Erinaceus europaeus,46.519179,6.494671,4178.479

2236869437,Castor fiber,47.566617,7.802491,916.6542

2236845063,Sciurus vulgaris,47.462796,9.61725,933.713

2236258981,Sciurus vulgaris,46.522325,6.715751,1174.403

2236253611,Sciurus vulgaris,46.521273,6.582708,1970.898

2235656425,Muroidea indet.,47.493546,7.590866,2170.526

2235645569,Capreolus capreolus,47.485172,9.647039,632.9866

2235478400,Rupicapra rupicapra,46.213733,9.049403,642.7597

2235025798,Muroidea indet.,47.493546,7.590866,2170.526

2235025762,Muroidea indet.,47.493546,7.590866,2170.526

2235021137,Felis domestica,47.493546,7.590866,2170.526

2028497672,Castor fiber,47.370141,8.330544,941.1735

2028494612,Meles meles,47.354973,8.576479,1564.135

2028471017,Sciurus vulgaris,46.179645,8.756232,734.484

2027509440,Canis familiaris,46.154388,8.788719,1357.63

2013260361,Felis domestica,46.154388,8.788719,1357.63

2013256361,Capreolus capreolus,47.669895,9.138908,513.3874

2012982434,Capreolus capreolus,47.668048,9.143151,501.7211

2012727293,Felis domestica,46.154388,8.788719,1357.63

2012712701,Canis familiaris,46.154388,8.788719,1357.63

2006061017,Sciurus vulgaris,46.312242,7.486428,529.8505

2006050771,Vulpes vulpes,46.475518,6.883089,427.7762

2005360485,Castor fiber,47.483166,9.58103,1508.299

2005330250,Vulpes vulpes,46.76485,7.021511,356.9576

2005322803,Vulpes vulpes,46.364507,7.01322,311.8799

1988294040,Capreolus capreolus,47.669895,9.138908,513.3874

1988294039,Castor fiber,47.669895,9.138908,513.3874

1986460827,Felis domestica,47.493546,7.590866,2170.526

1946198701,Rupicapra rupicapra,46.371905,7.02407,311.8799

1944809240,Felis domestica,47.493546,7.590866,2170.526

1944809238,Felis domestica,47.493546,7.590866,2170.526

1932298505,Felis domestica,47.493546,7.590866,2170.526

1914266508,Felis domestica,47.493546,7.590866,2170.526

1914240075,Rupicapra rupicapra,47.432471,9.438601,709.3262

1914237169,Capreolus capreolus,47.452122,9.539581,496.6852

1914196975,Apodemus sylvaticus,46.467991,6.898896,492.3273

1913197566,Capreolus capreolus,46.472925,6.914432,672.2928

1913177717,Rupicapra rupicapra,46.435079,6.924921,867.0475

1913177704,Capreolus capreolus,46.435293,6.92468,867.0475

1913143883,Capreolus capreolus,46.335129,6.997014,360.9884

1913141626,Felis domestica,47.493546,7.590866,2170.526

1913132739,Chiroptera indet.,47.493546,7.590866,2170.526

1913132181,Capreolus capreolus,47.035572,8.43727,382.4556

1913130404,Bos primigenius subsp. taurus,47.035572,8.43727,382.4556

1901084293,Talpa europaea,46.346263,6.187555,887.0218

1901084163,Capreolus capreolus,46.298592,6.155531,1595.672

1899885786,Pipistrellus nathusii,47.67865,8.616028,719.3855

1899885780,Pipistrellus pipistrellus,47.67865,8.616028,719.3855

1899877274,Myotis daubentonii,47.67865,8.616028,719.3855

1899867087,Felis domestica,47.035572,8.43727,382.4556

1899866385,Eptesicus serotinus,47.67865,8.616028,719.3855

1899859905,Chiroptera indet.,46.964111,7.522801,786.9296

1898819537,Erinaceus europaeus,46.476187,6.878888,427.7762

1898803419,Erinaceus europaeus,46.527645,6.613797,3571.452

1891313805,Vulpes vulpes,46.36251,7.024643,311.8799

1891284592,Castor fiber,47.669895,9.138908,513.3874

1890694994,Erinaceus europaeus,46.694108,6.915203,521.4512

1890687646,Capreolus capreolus,46.348745,6.184933,887.0218

1883914916,Capreolus capreolus,46.343492,6.181372,887.0219

1883530182,Sciurus vulgaris,46.344987,6.190342,887.0218

1883503523,Erinaceus europaeus,46.334267,6.192997,1430.288

1883503314,Erinaceus europaeus,46.334312,6.192887,1430.288

1880534089,Vulpes vulpes,46.773113,7.035297,363.1678

1880488853,Rupicapra rupicapra,46.441608,6.928182,818.6255

1880488676,Capreolus capreolus,46.435131,6.924842,867.0475

1847494223,Capreolus capreolus,46.338967,7.000886,464.7269

1847484810,Sciurus vulgaris,46.341358,7.004042,464.7269

1847484723,Martes martes,46.334706,6.996961,360.9884

1847446820,Sciurus vulgaris,46.999753,6.938106,1987.72

1844600627,Capreolus capreolus,47.669895,9.138908,513.3874

1841196750,Sciurus vulgaris,46.25931,6.146527,1429.703

1839138466,Ondatra zibethicus,47.537991,7.71399,1196.297

1839137446,Myocastor coypus,47.537991,7.71399,1196.297

1839133507,Martes foina,47.493546,7.590866,2170.526

1839122689,Felis domestica,47.493546,7.590866,2170.526

1838374087,Capreolus capreolus,46.34875,6.188527,887.0218

1838018764,Vulpes vulpes,47.358506,8.561179,4688.678

1837086457,Vulpes vulpes,46.340704,7.005512,464.7269

1837086434,Meles meles,46.340699,7.00551,464.7269

1836605570,Vulpes vulpes,46.483442,6.887988,422.9636

1836587304,Capreolus capreolus,46.482904,6.882012,427.7762

1836566422,Mustela erminea,46.823538,7.208842,392.3252

1836566298,Glis glis,46.721278,6.565656,411.0228

1835263481,Myocastor coypus,47.537991,7.71399,1196.297

1831114386,Glis glis,45.981934,8.913444,881.8959

1831095754,Sciurus vulgaris,46.795825,7.159116,1711.884

1831095505,Lepus europaeus,46.982938,7.158666,364.7643

1831017570,"Mus musculus Linnaeus, 1758",47.475934,9.503412,1414.084

1828941455,Capreolus capreolus,47.669895,9.138908,513.3874

1828939880,Capreolus capreolus,47.493546,7.590866,2170.526

1807958823,Ovis indet.,47.490688,7.56722,1354.934

1807779197,Felis domestica,47.493546,7.590866,2170.526

1806070793,Felis domestica,47.490688,7.56722,1354.934

1806070760,Felis domestica,47.493546,7.590866,2170.526

1806070757,Felis domestica,47.493546,7.590866,2170.526

1806070754,Felis domestica,47.493546,7.590866,2170.526

1806006619,Capreolus capreolus,47.669895,9.138908,513.3874

1802688292,Vulpes vulpes,46.476154,6.878432,427.7762

1703270082,Felis domestica,47.493546,7.590866,2170.526

1702495585,Capreolus capreolus,47.669895,9.138908,513.3874

1702483730,Sciurus vulgaris,46.455067,6.926365,867.0475

1677312265,Rupicapra rupicapra,46.197652,8.867978,711.8352

1677291634,Rupicapra rupicapra,46.336306,6.996853,360.9884

1677291161,Sciurus vulgaris,46.336499,6.99651,360.9884

1677291064,Vulpes vulpes,46.336499,6.996853,360.9884

1677290854,Lepus europaeus,46.336306,6.996596,360.9884

1677290818,Martes martes,46.336765,6.995973,360.9884

1677122571,Felis domestica,47.493546,7.590866,2170.526

1677122341,Felis domestica,47.493546,7.590866,2170.526

1677122142,Felis domestica,47.493546,7.590866,2170.526

1677090895,Erinaceus europaeus,46.419178,6.272754,1690.477

1676821792,Castor fiber,47.669895,9.138908,513.3874

1676821789,Castor fiber,47.669895,9.138908,513.3874

1676821778,Capreolus capreolus,47.669895,9.138908,513.3874

1676821777,Capreolus capreolus,47.669895,9.138908,513.3874

1668896871,Vulpes vulpes,46.31777,6.989601,459.2147

1668771033,Martes foina,47.493546,7.590866,2170.526

1668739427,Chiroptera indet.,47.493546,7.590866,2170.526

1668739240,Chiroptera indet.,47.493546,7.590866,2170.526

1586195866,Myocastor coypus,47.537991,7.71399,1196.297

1586077130,Chiroptera indet.,47.493546,7.590866,2170.526

1580186495,Myocastor coypus,47.537991,7.71399,1196.297

1580185585,Myocastor coypus,47.586716,8.233566,517.9684

1580058579,Felis domestica,47.493546,7.590866,2170.526

1580058510,Felis domestica,47.493546,7.590866,2170.526

1580058491,Felis domestica,47.493546,7.590866,2170.526

1580058448,Felis domestica,47.497169,7.606144,1401.412

1580058438,Felis domestica,47.493546,7.590866,2170.526

1580058421,Felis domestica,47.493546,7.590866,2170.526

1580058401,Felis domestica,47.493546,7.590866,2170.526

1580058386,Felis domestica,47.493546,7.590866,2170.526

1580058315,Felis domestica,47.493546,7.590866,2170.526

1579928185,Chiroptera indet.,46.154388,8.788719,1357.63

1579910427,Capreolus capreolus,47.669895,9.138908,513.3874

1579907477,Canis familiaris,47.493546,7.590866,2170.526

1579896686,Castor fiber,47.669895,9.138908,513.3874

1579890957,Capreolus capreolus,47.478233,8.371582,807.6694

1579890239,Capreolus capreolus,47.669895,9.138908,513.3874

1579887017,Castor fiber,47.669895,9.138908,513.3874

1571162760,Erinaceus europaeus,47.414865,8.532184,4707.778

1562960520,Vulpes vulpes,46.345254,6.995029,311.8798

1562960476,Capreolus capreolus,46.345528,6.995394,311.8798

1562960419,Sciurus vulgaris,46.345158,6.995083,311.8798

1562918349,Rupicapra rupicapra,46.322794,6.997669,372.917

1562918339,Capreolus capreolus,46.322816,6.997304,372.917

1562918338,Sciurus vulgaris,46.322771,6.997454,372.917

1562918329,Rupicapra rupicapra,46.331569,7.002035,656.0027

1562918314,Meles meles,46.322727,6.997315,372.917

1457610381,Sciurus vulgaris,46.335017,6.996928,360.9884

1457608218,Sciurus vulgaris,46.334988,6.996861,360.9884

1457608136,Lepus europaeus,46.33541,6.996711,360.9884

1457608125,Capreolus capreolus,46.335414,6.996722,360.9884

1457608121,Meles meles,46.335406,6.996733,360.9884

1457608097,Capreolus capreolus,46.33544,6.996818,360.9884

1457608077,Capreolus capreolus,46.334988,6.996902,360.9884

1457608049,Vulpes vulpes,46.335314,6.996577,360.9884

1457584908,Talpa,46.16399,8.873069,496.3958

1453538588,Sciurus vulgaris,46.166368,8.948429,341.016

1453414279,Sciurus vulgaris,46.194773,9.011032,956.2713

1453404975,Sciurus vulgaris,46.165319,8.947216,341.016

1453225804,Talpa,46.169013,8.940747,301.006

1453216355,Sciurus vulgaris,46.179117,8.757455,734.484

1453187405,Rattus norvegicus,46.158551,8.803396,878.3904

1339206993,Ondatra zibethicus,47.537991,7.71399,1196.297

1339197307,Ondatra zibethicus,47.537991,7.71399,1196.297

1339189362,Ondatra zibethicus,47.537991,7.71399,1196.297

1339166442,Ondatra zibethicus,47.537991,7.71399,1196.297

1339166348,Ondatra zibethicus,47.537991,7.71399,1196.297

1339118734,Muroidea indet.,47.493546,7.590866,2170.526

1339089761,Myotis mystacinus/brandtii-Komplex,47.537991,7.71399,1196.297

1339078939,Mustela erminea,47.48415,7.56752,1354.934

1339021544,Martes foina,47.563091,7.594814,7566.64

1338982023,Mustela erminea,47.48415,7.56752,1354.934

1338973550,Myocastor coypus,47.530655,7.615714,1777.626

1338970558,Martes foina,47.493546,7.590866,2170.526

1338967194,Myocastor coypus,47.537991,7.71399,1196.297

1338734097,Felis domestica,47.493546,7.590866,2170.526

1338722881,Felis domestica,47.497169,7.606144,1401.412

1338654437,Erinaceus europaeus,47.493546,7.590866,2170.526

1338523358,Chiroptera indet.,47.493546,7.590866,2170.526

1338520609,Capreolus capreolus,46.890934,7.560933,1287.834

1338506192,Capreolus capreolus,47.669895,9.138908,513.3874

1338503249,Castor fiber,47.669895,9.138908,513.3874

1338482780,Capreolus capreolus,47.669895,9.138908,513.3874

1338443201,Chiroptera indet.,47.493546,7.590866,2170.526

1338371790,Chiroptera indet.,47.493546,7.590866,2170.526

1338343710,Capreolus capreolus,47.669895,9.138908,513.3874

1338330229,Castor fiber,47.410629,8.083608,1666.234

1338329256,Chiroptera indet.,47.493546,7.590866,2170.526

1338321948,Castor fiber,47.669895,9.138908,513.3874

1338257150,Capreolus capreolus,47.341709,8.222065,455.1992

1338246673,Capreolus capreolus,47.669895,9.138908,513.3874

1323034601,Sciurus vulgaris,46.158491,8.803756,878.3904

1265592475,Vulpes vulpes,46.181509,6.015782,365.724

1143562324,Martes martes,46.294219,6.149189,1595.672

1038648059,Erinaceus europaeus,47.325211,7.711716,378.316

1038554395,Castor fiber,47.669895,9.138908,513.3874

932764363,Capreolus capreolus,47.669895,9.138908,513.3874

922467621,Ondatra zibethicus,47.586716,8.233566,517.9684

922466740,Ondatra zibethicus,47.586716,8.233566,517.9684

922451425,Nyctalus noctula,47.586716,8.233566,517.9684

922305701,Meles meles,47.493546,7.590866,2170.526

922267256,Mustela erminea,47.586716,8.233566,517.9684

922208648,Lepus europaeus,46.210011,6.084023,2757.703

921708046,Felis domestica,46.210011,6.084023,2757.703

921707138,Felis domestica,47.493546,7.590866,2170.526

921643963,Erinaceus europaeus,46.210011,6.084023,2757.703

921048309,Chiroptera indet.,47.493546,7.590866,2170.526

921044002,Chiroptera indet.,47.493546,7.590866,2170.526

921037364,Chiroptera indet.,47.493546,7.590866,2170.526

921033611,Chiroptera indet.,47.493546,7.590866,2170.526

920990149,Capreolus capreolus,47.669895,9.138908,513.3874

920985292,Castor fiber,47.586716,8.233566,517.9684

920983897,Castor fiber,47.586716,8.233566,517.9684

920979320,Capreolus capreolus,46.210011,6.084023,2757.703

920966055,Castor fiber,47.682796,8.625706,328.352

920957909,Castor fiber,47.669895,9.138908,513.3874

920957907,Capreolus capreolus,47.669895,9.138908,513.3874

920956330,Castor fiber,47.669895,9.138908,513.3874

920956224,Capreolus capreolus,47.669895,9.138908,513.3874

920942378,Capra ibex,46.723152,7.895737,345.442

920934121,Castor fiber,47.583836,8.308532,441.3583

920924225,Capreolus capreolus,47.669895,9.138908,513.3874

920923998,Capreolus capreolus,47.493546,7.590866,2170.526

920909730,Castor fiber,47.586716,8.233566,517.9684

920901053,Capreolus capreolus,47.669895,9.138908,513.3874

920874665,Capreolus capreolus,47.209248,7.53911,1998.348

920855231,Castor fiber,47.669895,9.138908,513.3874

920844299,Castor fiber,47.586716,8.233566,517.9684

